,k_10_put,k_bf_put,k_rr_put,k_atm,k_bf_call,k_rr_call,k_10_call
ON,3.673920513745875,3.696774548155967,3.6975429504023323,3.7242141818672585,3.7523380554185204,3.7531478484889766,3.7817198005035664
1W,3.639659293248422,3.678341238549845,3.6805091145915343,3.726380847347726,3.7765367930834173,3.7788959170664507,3.83449103776808
2W,3.6095777232999917,3.6621929079996973,3.665474441741215,3.728794864664683,3.799534099053603,3.8031520328336486,3.8826813065858508
1M,3.5540357101779056,3.633318562720279,3.6385145949242355,3.734407994399504,3.845334263810502,3.8511533048291464,3.9775411526743443
2M,3.509146595411743,3.610880784791108,3.6190762918975503,3.7438308063271277,3.894229069317488,3.9036497421032577,4.084288609349863
3M,3.4687632248759086,3.5912627579640333,3.602811191140336,3.754842717995186,3.9455128413587452,3.959104944737568,4.199191188350634
6M,3.3936690623042027,3.559530251065686,3.5788559629699987,3.7862878579202643,4.0679659862120445,4.091683008066928,4.480305716963739
1Y,3.3158740987857924,3.5368504017951556,3.569373813615034,3.850034769950248,4.27707391131857,4.319172780196924,4.981484311057008
